Algorithm,Parameters,F1 Score,Adjusted Rand Score,Silhouette Score,Execution Time,dataset
KMeans,"{'init': 'k-means++', 'max_iter': 100, 'n_clusters': 3}",0.2925224171539961,0.0914789035687011,0.1490126874060082,0.7188076972961426,nursery
DBSCAN,"{'eps': 1.0, 'min_samples': 12}",0.151639344262295,0.0022952008870679,0.0987344908140482,2.406411409378052,nursery
GaussianMixture,"{'covariance_type': 'diag', 'max_iter': 500, 'n_components': 2}",0.3301164021164021,0.106726036787463,0.185796687223816,0.6406753063201904,nursery
Birch,"{'branching_factor': 100, 'n_clusters': 4, 'threshold': 0.1}",0.2736188166164647,0.0638050926315693,0.0989967287930948,29.3664710521698,nursery
Ward,"{'affinity': 'euclidean', 'linkage': 'ward', 'n_clusters': 5}",0.2966401706412904,0.0789700998810068,0.1081566199364614,21.52200126647949,nursery
